epoch,accuracy,learning_rate,loss,top_2_accuracy,val_accuracy,val_loss,val_top_2_accuracy
20,0.2593589127063751,4.999999873689376e-06,1.3914564847946167,0.5109966993331909,0.29279279708862305,1.4509974718093872,0.5090090036392212
21,0.25608327984809875,4.999999873689376e-06,1.3904776573181152,0.5038605332374573,0.29279279708862305,1.5102736949920654,0.5090090036392212
22,0.2510528862476349,4.999999873689376e-06,1.3902417421340942,0.5125175714492798,0.29279279708862305,1.5328105688095093,0.5090090036392212
23,0.24649040400981903,4.999999873689376e-06,1.3908500671386719,0.504562497138977,0.29279279708862305,1.7758700847625732,0.5090090036392212
24,0.25444549322128296,4.999999873689376e-06,1.3893572092056274,0.5140383839607239,0.29279279708862305,1.702319622039795,0.5090090036392212
25,0.24672438204288483,2.499999936844688e-06,1.3911395072937012,0.4989471137523651,0.29279279708862305,1.8387081623077393,0.5090090036392212
26,0.25690218806266785,2.499999936844688e-06,1.3900529146194458,0.5042114853858948,0.29279279708862305,2.0986270904541016,0.5090090036392212
27,0.25772109627723694,2.499999936844688e-06,1.3886494636535645,0.5076041221618652,0.29214930534362793,1.9424011707305908,0.5090090036392212
28,0.24438464641571045,2.499999936844688e-06,1.3912509679794312,0.49637341499328613,0.28764477372169495,1.5384432077407837,0.507722020149231
